step,time,body_id,mass,x,y,z,vx,vy,vz
0,0.0,0,1.0,-1.0,0.0,0.0,,,
0,0.0,1,1.0,1.0,0.0,0.0,,,
1,0.049999999999999996,0,1.0,-0.9996875278320223,-0.024997422049041693,0.0,,,
1,0.049999999999999996,1,1.0,0.9996875278320223,0.024997422049041693,0.0,,,
2,0.10000000000000002,0,1.0,-0.9987503066286698,-0.04997922210152104,0.0,,,
2,0.10000000000000002,1,1.0,0.9987503066286698,0.04997922210152104,0.0,,,
3,0.15000000000000005,0,1.0,-0.9971889221695333,-0.07492978792718318,0.0,,,
3,0.15000000000000005,1,1.0,0.9971889221695333,0.07492978792718318,0.0,,,
4,0.2000000000000001,0,1.0,-0.9950043503468337,-0.09983352682227406,0.0,,,
4,0.2000000000000001,1,1.0,0.9950043503468337,0.09983352682227406,0.0,,,
5,0.2500000000000001,0,1.0,-0.9921979565550454,-0.12467487535750957,0.0,,,
5,0.2500000000000001,1,1.0,0.9921979565550454,0.12467487535750957,0.0,,,
6,0.30000000000000016,0,1.0,-0.9887714948369032,-0.14943830910771744,0.0,,,
6,0.30000000000000016,1,1.0,0.9887714948369032,0.14943830910771744,0.0,,,
7,0.3500000000000002,0,1.0,-0.9847271067863318,-0.17410835235706126,0.0,,,
7,0.3500000000000002,1,1.0,0.9847271067863318,0.17410835235706126,0.0,,,
8,0.40000000000000024,0,1.0,-0.980067320208983,-0.19866958777377117,0.0,,,
8,0.40000000000000024,1,1.0,0.980067320208983,0.19866958777377117,0.0,,,
9,0.4500000000000003,0,1.0,-0.9747950475412227,-0.22310666604832363,0.0,,,
9,0.4500000000000003,1,1.0,0.9747950475412227,0.22310666604832363,0.0,,,
10,0.5000000000000003,0,1.0,-0.9689135840285568,-0.24740431548903866,0.0,,,
10,0.5000000000000003,1,1.0,0.9689135840285568,0.24740431548903866,0.0,,,
11,0.5500000000000004,0,1.0,-0.9624266056646426,-0.27154735156908594,0.0,,,
11,0.5500000000000004,1,1.0,0.9624266056646426,0.27154735156908594,0.0,,,
12,0.6000000000000004,0,1.0,-0.955338166892173,-0.2955206864189252,0.0,,,
12,0.6000000000000004,1,1.0,0.955338166892173,0.2955206864189252,0.0,,,
13,0.6500000000000005,0,1.0,-0.9476526980670809,-0.3193093382582384,0.0,,,
13,0.6500000000000005,1,1.0,0.9476526980670809,0.3193093382582384,0.0,,,
14,0.7000000000000005,0,1.0,-0.9393750026876483,-0.34289844076145004,0.0,,,
14,0.7000000000000005,1,1.0,0.9393750026876483,0.34289844076145004,0.0,,,
15,0.7500000000000006,0,1.0,-0.9305102543902636,-0.36627325235097447,0.0,,,
15,0.7500000000000006,1,1.0,0.9305102543902636,0.36627325235097447,0.0,,,
16,0.8000000000000006,0,1.0,-0.9210639937137057,-0.3894191654123728,0.0,,,
16,0.8000000000000006,1,1.0,0.9210639937137057,0.3894191654123728,0.0,,,
17,0.8500000000000006,0,1.0,-0.9110421246339891,-0.4123217154256534,0.0,,,
17,0.8500000000000006,1,1.0,0.9110421246339891,0.4123217154256534,0.0,,,
18,0.9000000000000007,0,1.0,-0.9004509108719382,-0.43496659000700005,0.0,,,
18,0.9000000000000007,1,1.0,0.9004509108719382,0.43496659000700005,0.0,,,
19,0.9500000000000007,0,1.0,-0.8892969719758084,-0.4573396378552717,0.0,,,
19,0.9500000000000007,1,1.0,0.8892969719758084,0.4573396378552717,0.0,,,
20,1.0000000000000007,0,1.0,-0.8775872791814111,-0.47942687759767266,0.0,,,
20,1.0000000000000007,1,1.0,0.8775872791814111,0.47942687759767266,0.0,,,
21,1.0499999999999996,0,1.0,-0.8653291510523357,-0.5012145065290625,0.0,,,
21,1.0499999999999996,1,1.0,0.8653291510523357,0.5012145065290625,0.0,,,
22,1.0999999999999985,0,1.0,-0.8525302489030054,-0.5226889092394345,0.0,,,
22,1.0999999999999985,1,1.0,0.8525302489030054,0.5226889092394345,0.0,,,
23,1.1499999999999975,0,1.0,-0.839198572007432,-0.5438366661241649,0.0,,,
23,1.1499999999999975,1,1.0,0.839198572007432,0.5438366661241649,0.0,,,
24,1.1999999999999964,0,1.0,-0.8253424525966772,-0.564644561771714,0.0,,,
24,1.1999999999999964,1,1.0,0.8253424525966772,0.564644561771714,0.0,,,
25,1.2499999999999953,0,1.0,-0.8109705506481554,-0.5850995932235261,0.0,,,
25,1.2499999999999953,1,1.0,0.8109705506481554,0.5850995932235261,0.0,,,
26,1.2999999999999943,0,1.0,-0.7960918484700426,-0.6051889781009662,0.0,,,
26,1.2999999999999943,1,1.0,0.7960918484700426,0.6051889781009662,0.0,,,
27,1.3499999999999932,0,1.0,-0.7807156450841874,-0.6249001625942091,0.0,,,
27,1.3499999999999932,1,1.0,0.7807156450841874,0.6249001625942091,0.0,,,
28,1.3999999999999921,0,1.0,-0.7648515504110467,-0.6442208293080864,0.0,,,
28,1.3999999999999921,1,1.0,0.7648515504110467,0.6442208293080864,0.0,,,
29,1.449999999999991,0,1.0,-0.7485094792602853,-0.6631389049599825,0.0,,,
29,1.449999999999991,1,1.0,0.7485094792602853,0.6631389049599825,0.0,,,
30,1.49999999999999,0,1.0,-0.7316996451308115,-0.68164256792497,0.0,,,
30,1.49999999999999,1,1.0,0.7316996451308115,0.68164256792497,0.0,,,
31,1.549999999999989,0,1.0,-0.7144325538241317,-0.6997202556234671,0.0,,,
31,1.549999999999989,1,1.0,0.7144325538241317,0.6997202556234671,0.0,,,
32,1.5999999999999879,0,1.0,-0.6967189968750241,-0.7173606717467949,0.0,,,
32,1.5999999999999879,1,1.0,0.6967189968750241,0.7173606717467949,0.0,,,
33,1.6499999999999868,0,1.0,-0.6785700448036521,-0.7345527933161246,0.0,,,
33,1.6499999999999868,1,1.0,0.6785700448036521,0.7345527933161246,0.0,,,
34,1.6999999999999857,0,1.0,-0.6599970401933404,-0.7512858775703981,0.0,,,
34,1.6999999999999857,1,1.0,0.6599970401933404,0.7512858775703981,0.0,,,
35,1.7499999999999847,0,1.0,-0.6410115905983566,-0.7675494686789218,0.0,,,
35,1.7499999999999847,1,1.0,0.6410115905983566,0.7675494686789218,0.0,,,
36,1.7999999999999836,0,1.0,-0.6216255612861354,-0.7833334042744361,0.0,,,
36,1.7999999999999836,1,1.0,0.6216255612861354,0.7833334042744361,0.0,,,
37,1.8499999999999825,0,1.0,-0.6018510678184965,-0.7986278218025831,0.0,,,
37,1.8499999999999825,1,1.0,0.6018510678184965,0.7986278218025831,0.0,,,
38,1.8999999999999815,0,1.0,-0.5817004684765009,-0.8134231646838028,0.0,,,
38,1.8999999999999815,1,1.0,0.5817004684765009,0.8134231646838028,0.0,,,
39,1.9499999999999804,0,1.0,-0.5611863565336913,-0.8277101882838143,0.0,,,
39,1.9499999999999804,1,1.0,0.5611863565336913,0.8277101882838143,0.0,,,
40,1.9999999999999793,0,1.0,-0.5403215523825547,-0.8414799656889486,0.0,,,
40,1.9999999999999793,1,1.0,0.5403215523825547,0.8414799656889486,0.0,,,
41,2.0499999999999785,0,1.0,-0.5191190955191407,-0.854723893282734,0.0,,,
41,2.0499999999999785,1,1.0,0.5191190955191407,0.854723893282734,0.0,,,
42,2.0999999999999774,0,1.0,-0.4975922363908512,-0.8674336961202471,0.0,,,
42,2.0999999999999774,1,1.0,0.4975922363908512,0.8674336961202471,0.0,,,
43,2.1499999999999764,0,1.0,-0.4757544281125082,-0.8796014330968803,0.0,,,
43,2.1499999999999764,1,1.0,0.4757544281125082,0.8796014330968803,0.0,,,
44,2.1999999999999753,0,1.0,-0.4536193180558872,-0.8912195019082975,0.0,,,
44,2.1999999999999753,1,1.0,0.4536193180558872,0.8912195019082975,0.0,,,
45,2.2499999999999742,0,1.0,-0.4312007393179794,-0.9022806437984883,0.0,,,
45,2.2499999999999742,1,1.0,0.4312007393179794,0.9022806437984883,0.0,,,
46,2.299999999999973,0,1.0,-0.40851270207332535,-0.9127779480929558,0.0,,,
46,2.299999999999973,1,1.0,0.40851270207332535,0.9127779480929558,0.0,,,
47,2.349999999999972,0,1.0,-0.3855693848158321,-0.9227048565142132,0.0,,,
47,2.349999999999972,1,1.0,0.3855693848158321,0.9227048565142132,0.0,,,
48,2.399999999999971,0,1.0,-0.36238512549555657,-0.9320551672769013,0.0,,,
48,2.399999999999971,1,1.0,0.36238512549555657,0.9320551672769013,0.0,,,
49,2.44999999999997,0,1.0,-0.3389744125560016,-0.9408230389599725,0.0,,,
49,2.44999999999997,1,1.0,0.3389744125560016,0.9408230389599725,0.0,,,
50,2.499999999999969,0,1.0,-0.3153518758775335,-0.9490029941535316,0.0,,,
50,2.499999999999969,1,1.0,0.3153518758775335,0.9490029941535316,0.0,,,
51,2.549999999999968,0,1.0,-0.2915322776325891,-0.9565899228780618,0.0,,,
51,2.549999999999968,1,1.0,0.2915322776325891,0.9565899228780618,0.0,,,
52,2.599999999999967,0,1.0,-0.2675305030583923,-0.9635790857739084,0.0,,,
52,2.599999999999967,1,1.0,0.2675305030583923,0.9635790857739084,0.0,,,
53,2.6499999999999657,0,1.0,-0.24336155115295577,-0.9699661170590363,0.0,,,
53,2.6499999999999657,1,1.0,0.24336155115295577,0.9699661170590363,0.0,,,
54,2.6999999999999647,0,1.0,-0.2190405253001848,-0.9757470272532222,0.0,,,
54,2.6999999999999647,1,1.0,0.2190405253001848,0.9757470272532222,0.0,,,
55,2.7499999999999636,0,1.0,-0.19458262382995117,-0.9809182056669876,0.0,,,
55,2.7499999999999636,1,1.0,0.19458262382995117,0.9809182056669876,0.0,,,
56,2.7999999999999625,0,1.0,-0.1700031305190384,-0.9854764226537306,0.0,,,
56,2.7999999999999625,1,1.0,0.1700031305190384,0.9854764226537306,0.0,,,
57,2.8499999999999615,0,1.0,-0.14531740503890092,-0.9894188316236554,0.0,,,
57,2.8499999999999615,1,1.0,0.14531740503890092,0.9894188316236554,0.0,,,
58,2.8999999999999604,0,1.0,-0.12054087335621008,-0.9927429708182549,0.0,,,
58,2.8999999999999604,1,1.0,0.12054087335621008,0.9927429708182549,0.0,,,
59,2.9499999999999593,0,1.0,-0.09568901809218987,-0.9954467648442459,0.0,,,
59,2.9499999999999593,1,1.0,0.09568901809218987,0.9954467648442459,0.0,,,
60,2.9999999999999583,0,1.0,-0.07077736884676933,-0.9975285259660108,0.0,,,
60,2.9999999999999583,1,1.0,0.07077736884676933,0.9975285259660108,0.0,,,
61,3.049999999999957,0,1.0,-0.04582149249360196,-0.9989869551557474,0.0,,,
61,3.049999999999957,1,1.0,0.04582149249360196,0.9989869551557474,0.0,,,
62,3.099999999999956,0,1.0,-0.02083698345201786,-0.999821142900685,0.0,,,
62,3.099999999999956,1,1.0,0.02083698345201786,0.999821142900685,0.0,,,
63,3.149999999999955,0,1.0,0.004160546058010047,-1.0000305697668688,0.0,,,
63,3.149999999999955,1,1.0,-0.004160546058010047,1.0000305697668688,0.0,,,
64,3.199999999999954,0,1.0,0.029155475771795315,-0.9996151067191773,0.0,,,
64,3.199999999999954,1,1.0,-0.029155475771795315,0.9996151067191773,0.0,,,
65,3.249999999999953,0,1.0,0.054132187140665734,-0.9985750151973792,0.0,,,
65,3.249999999999953,1,1.0,-0.054132187140665734,0.9985750151973792,0.0,,,
66,3.299999999999952,0,1.0,0.07907507309139017,-0.9969109469481974,0.0,,,
66,3.299999999999952,1,1.0,-0.07907507309139017,0.9969109469481974,0.0,,,
67,3.349999999999951,0,1.0,0.10396854777820651,-0.9946239436134927,0.0,,,
67,3.349999999999951,1,1.0,-0.10396854777820651,0.9946239436134927,0.0,,,
68,3.3999999999999497,0,1.0,0.12879705632135785,-0.9917154360748406,0.0,,,
68,3.3999999999999497,1,1.0,-0.12879705632135785,0.9917154360748406,0.0,,,
69,3.4499999999999487,0,1.0,0.15354508452605337,-0.9881872435549179,0.0,,,
69,3.4499999999999487,1,1.0,-0.15354508452605337,0.9881872435549179,0.0,,,
70,3.4999999999999476,0,1.0,0.17819716857578244,-0.9840415724762741,0.0,,,
70,3.4999999999999476,1,1.0,-0.17819716857578244,0.9840415724762741,0.0,,,
71,3.5499999999999465,0,1.0,0.20273790469392786,-0.9792810150782105,0.0,,,
71,3.5499999999999465,1,1.0,-0.20273790469392786,0.9792810150782105,0.0,,,
72,3.5999999999999455,0,1.0,0.2271519587676441,-0.9739085477926442,0.0,,,
72,3.5999999999999455,1,1.0,-0.2271519587676441,0.9739085477926442,0.0,,,
73,3.6499999999999444,0,1.0,0.25142407592799076,-0.9679275293799808,0.0,,,
73,3.6499999999999444,1,1.0,-0.25142407592799076,0.9679275293799808,0.0,,,
74,3.6999999999999433,0,1.0,0.2755390900803388,-0.9613416988261719,0.0,,,
74,3.6999999999999433,1,1.0,-0.2755390900803388,0.9613416988261719,0.0,,,
75,3.7499999999999423,0,1.0,0.299481933379099,-0.9541551730022817,0.0,,,
75,3.7499999999999423,1,1.0,-0.299481933379099,0.9541551730022817,0.0,,,
76,3.799999999999941,0,1.0,0.32323764564085894,-0.9463724440880358,0.0,,,
76,3.799999999999941,1,1.0,-0.32323764564085894,0.9463724440880358,0.0,,,
77,3.84999999999994,0,1.0,0.34679138369004936,-0.937998376760971,0.0,,,
77,3.84999999999994,1,1.0,-0.34679138369004936,0.937998376760971,0.0,,,
78,3.899999999999939,0,1.0,0.3701284306313095,-0.9290382051529541,0.0,,,
78,3.899999999999939,1,1.0,-0.3701284306313095,0.9290382051529541,0.0,,,
79,3.949999999999938,0,1.0,0.39323420504276263,-0.9194975295759771,0.0,,,
79,3.949999999999938,1,1.0,-0.39323420504276263,0.9194975295759771,0.0,,,
80,3.999999999999937,0,1.0,0.416094270084464,-0.9093823130192873,0.0,,,
80,3.999999999999937,1,1.0,-0.416094270084464,0.9093823130192873,0.0,,,
81,4.049999999999936,0,1.0,0.4386943425163379,-0.8986988774200484,0.0,,,
81,4.049999999999936,1,1.0,-0.4386943425163379,0.8986988774200484,0.0,,,
82,4.099999999999935,0,1.0,0.4610203016199773,-0.8874538997098687,0.0,,,
82,4.099999999999935,1,1.0,-0.4610203016199773,0.8874538997098687,0.0,,,
83,4.149999999999934,0,1.0,0.4830581980187386,-0.8756544076396793,0.0,,,
83,4.149999999999934,1,1.0,-0.4830581980187386,0.8756544076396793,0.0,,,
84,4.199999999999933,0,1.0,0.5047942623906292,-0.8633077753855735,0.0,,,
84,4.199999999999933,1,1.0,-0.5047942623906292,0.8633077753855735,0.0,,,
85,4.249999999999932,0,1.0,0.5262149140685528,-0.8504217189383627,0.0,,,
85,4.249999999999932,1,1.0,-0.5262149140685528,0.8504217189383627,0.0,,,
86,4.2999999999999305,0,1.0,0.5473067695225479,-0.8370042912797371,0.0,,,
86,4.2999999999999305,1,1.0,-0.5473067695225479,0.8370042912797371,0.0,,,
87,4.3499999999999295,0,1.0,0.5680566507187292,-0.8230638773480471,0.0,,,
87,4.3499999999999295,1,1.0,-0.5680566507187292,0.8230638773480471,0.0,,,
88,4.399999999999928,0,1.0,0.5884515933497186,-0.8086091887968615,0.0,,,
88,4.399999999999928,1,1.0,-0.5884515933497186,0.8086091887968615,0.0,,,
89,4.449999999999927,0,1.0,0.6084788549314315,-0.7936492585495786,0.0,,,
89,4.449999999999927,1,1.0,-0.6084788549314315,0.7936492585495786,0.0,,,
90,4.499999999999926,0,1.0,0.6281259227611737,-0.7781934351534999,0.0,,,
90,4.499999999999926,1,1.0,-0.6281259227611737,0.7781934351534999,0.0,,,
91,4.549999999999925,0,1.0,0.6473805217320823,-0.7622513769368967,0.0,,,
91,4.549999999999925,1,1.0,-0.6473805217320823,0.7622513769368967,0.0,,,
92,4.599999999999924,0,1.0,0.6662306219990412,-0.7458330459727236,0.0,,,
92,4.599999999999924,1,1.0,-0.6662306219990412,0.7458330459727236,0.0,,,
93,4.649999999999923,0,1.0,0.6846644464912919,-0.7289487018527557,0.0,,,
93,4.649999999999923,1,1.0,-0.6846644464912919,0.7289487018527557,0.0,,,
94,4.699999999999922,0,1.0,0.7026704782670553,-0.7116088952760387,0.0,,,
94,4.699999999999922,1,1.0,-0.7026704782670553,0.7116088952760387,0.0,,,
95,4.749999999999921,0,1.0,0.7202374677055806,-0.693824461455662,0.0,,,
95,4.749999999999921,1,1.0,-0.7202374677055806,0.693824461455662,0.0,,,
96,4.79999999999992,0,1.0,0.73735443953214,-0.6756065133479774,0.0,,,
96,4.79999999999992,1,1.0,-0.73735443953214,0.6756065133479774,0.0,,,
97,4.849999999999919,0,1.0,0.7540106996715881,-0.6569664347084895,0.0,,,
97,4.849999999999919,1,1.0,-0.7540106996715881,0.6569664347084895,0.0,,,
98,4.899999999999918,0,1.0,0.7701958419262175,-0.6379158729787612,0.0,,,
98,4.899999999999918,1,1.0,-0.7701958419262175,0.6379158729787612,0.0,,,
99,4.949999999999917,0,1.0,0.7858997544737476,-0.6184667320087782,0.0,,,
99,4.949999999999917,1,1.0,-0.7858997544737476,0.6184667320087782,0.0,,,
100,4.999999999999916,0,1.0,0.8011126261813992,-0.5986311646193161,0.0,,,
100,4.999999999999916,1,1.0,-0.8011126261813992,0.5986311646193161,0.0,,,
101,5.049999999999915,0,1.0,0.8158249527321162,-0.5784215650089578,0.0,,,
101,5.049999999999915,1,1.0,-0.8158249527321162,0.5784215650089578,0.0,,,
102,5.0999999999999135,0,1.0,0.8300275425591256,-0.5578505610105042,0.0,,,
102,5.0999999999999135,1,1.0,-0.8300275425591256,0.5578505610105042,0.0,,,
103,5.149999999999912,0,1.0,0.8437115225851297,-0.5369310062016104,0.0,,,
103,5.149999999999912,1,1.0,-0.8437115225851297,0.5369310062016104,0.0,,,
104,5.199999999999911,0,1.0,0.8568683437625615,-0.5156759718745783,0.0,,,
104,5.199999999999911,1,1.0,-0.8568683437625615,0.5156759718745783,0.0,,,
105,5.24999999999991,0,1.0,0.8694897864114476,-0.4940987388703166,0.0,,,
105,5.24999999999991,1,1.0,-0.8694897864114476,0.4940987388703166,0.0,,,
106,5.299999999999909,0,1.0,0.881567965351559,-0.47221278928156596,0.0,,,
106,5.299999999999909,1,1.0,-0.881567965351559,0.47221278928156596,0.0,,,
107,5.349999999999908,0,1.0,0.8930953348256453,-0.4500317980305715,0.0,,,
107,5.349999999999908,1,1.0,-0.8930953348256453,0.4500317980305715,0.0,,,
108,5.399999999999907,0,1.0,0.9040646932106936,-0.4275696243264562,0.0,,,
108,5.399999999999907,1,1.0,-0.9040646932106936,0.4275696243264562,0.0,,,
109,5.449999999999906,0,1.0,0.9144691875142738,-0.40484030300762985,0.0,,,
109,5.449999999999906,1,1.0,-0.9144691875142738,0.40484030300762985,0.0,,,
110,5.499999999999905,0,1.0,0.9243023176531696,-0.38185803577463623,0.0,,,
110,5.499999999999905,1,1.0,-0.9243023176531696,0.38185803577463623,0.0,,,
111,5.549999999999904,0,1.0,0.9335579405116337,-0.35863718231890884,0.0,,,
111,5.549999999999904,1,1.0,-0.9335579405116337,0.35863718231890884,0.0,,,
112,5.599999999999903,0,1.0,0.9422302737767355,-0.3351922513529724,0.0,,,
112,5.599999999999903,1,1.0,-0.9422302737767355,0.3351922513529724,0.0,,,
113,5.649999999999902,0,1.0,0.9503138995484187,-0.31153789154768674,0.0,,,
113,5.649999999999902,1,1.0,-0.9503138995484187,0.31153789154768674,0.0,,,
114,5.699999999999901,0,1.0,0.9578037677220141,-0.2876888823821871,0.0,,,
114,5.699999999999901,1,1.0,-0.9578037677220141,0.2876888823821871,0.0,,,
115,5.7499999999999,0,1.0,0.9646951991411071,-0.26366012491223084,0.0,,,
115,5.7499999999999,1,1.0,-0.9646951991411071,0.26366012491223084,0.0,,,
116,5.799999999999899,0,1.0,0.970983888518795,-0.2394666324627105,0.0,,,
116,5.799999999999899,1,1.0,-0.970983888518795,0.2394666324627105,0.0,,,
117,5.8499999999998975,0,1.0,0.976665907125512,-0.21512352125013703,0.0,,,
117,5.8499999999998975,1,1.0,-0.976665907125512,0.21512352125013703,0.0,,,
118,5.899999999999896,0,1.0,0.9817377052417551,-0.19064600094094722,0.0,,,
118,5.899999999999896,1,1.0,-0.9817377052417551,0.19064600094094722,0.0,,,
119,5.949999999999895,0,1.0,0.9861961143741762,-0.16604936515152197,0.0,,,
119,5.949999999999895,1,1.0,-0.9861961143741762,0.16604936515152197,0.0,,,
120,5.999999999999894,0,1.0,0.9900383492336672,-0.14134898189584325,0.0,,,
120,5.999999999999894,1,1.0,-0.9900383492336672,0.14134898189584325,0.0,,,
121,6.049999999999893,0,1.0,0.9932620094742015,-0.11656028398674749,0.0,,,
121,6.049999999999893,1,1.0,-0.9932620094742015,0.11656028398674749,0.0,,,
122,6.099999999999892,0,1.0,0.9958650811913541,-0.0916987593967626,0.0,,,
122,6.099999999999892,1,1.0,-0.9958650811913541,0.0916987593967626,0.0,,,
123,6.149999999999891,0,1.0,0.997845938179562,-0.06677994158454159,0.0,,,
123,6.149999999999891,1,1.0,-0.997845938179562,0.06677994158454159,0.0,,,
124,6.19999999999989,0,1.0,0.9992033429473481,-0.04181939979292588,0.0,,,
124,6.19999999999989,1,1.0,-0.9992033429473481,0.04181939979292588,0.0,,,
125,6.249999999999889,0,1.0,0.9999364474898708,-0.01683272932468979,0.0,,,
125,6.249999999999889,1,1.0,-0.9999364474898708,0.01683272932468979,0.0,,,
126,6.299999999999888,0,1.0,1.0000447938183235,0.008164458197968455,0.0,,,
126,6.299999999999888,1,1.0,-1.0000447938183235,-0.008164458197968455,0.0,,,
127,6.349999999999887,0,1.0,0.9995283142458514,0.03315654458411442,0.0,,,
127,6.349999999999887,1,1.0,-0.9995283142458514,-0.03315654458411442,0.0,,,
128,6.399999999999886,0,1.0,0.9983873314298068,0.05812791482886195,0.0,,,
128,6.399999999999886,1,1.0,-0.9983873314298068,-0.05812791482886195,0.0,,,
129,6.449999999999885,0,1.0,0.9966225581703201,0.08306296686617064,0.0,,,
129,6.449999999999885,1,1.0,-0.9966225581703201,-0.08306296686617064,0.0,,,
130,6.499999999999884,0,1.0,0.9942350969653085,0.10794612131357331,0.0,,,
130,6.499999999999884,1,1.0,-0.9942350969653085,-0.10794612131357331,0.0,,,
131,6.549999999999883,0,1.0,0.9912264393222024,0.1327618312027557,0.0,,,
131,6.549999999999883,1,1.0,-0.9912264393222024,-0.1327618312027557,0.0,,,
132,6.5999999999998815,0,1.0,0.9875984648268141,0.1574945916899195,0.0,,,
132,6.5999999999998815,1,1.0,-0.9875984648268141,-0.1574945916899195,0.0,,,
133,6.6499999999998805,0,1.0,0.9833534399699329,0.1821289497398718,0.0,,,
133,6.6499999999998805,1,1.0,-0.9833534399699329,-0.1821289497398718,0.0,,,
134,6.699999999999879,0,1.0,0.9784940167323728,0.20664951377780133,0.0,,,
134,6.699999999999879,1,1.0,-0.9784940167323728,-0.20664951377780133,0.0,,,
135,6.749999999999878,0,1.0,0.973023230929358,0.23104096330272048,0.0,,,
135,6.749999999999878,1,1.0,-0.973023230929358,-0.23104096330272048,0.0,,,
136,6.799999999999877,0,1.0,0.9669445003152743,0.255288058456578,0.0,,,
136,6.799999999999877,1,1.0,-0.9669445003152743,-0.255288058456578,0.0,,,
137,6.849999999999876,0,1.0,0.9602616224499646,0.2793756495430716,0.0,,,
137,6.849999999999876,1,1.0,-0.9602616224499646,-0.2793756495430716,0.0,,,
138,6.899999999999875,0,1.0,0.9529787723279015,0.303288686490225,0.0,,,
138,6.899999999999875,1,1.0,-0.9529787723279015,-0.303288686490225,0.0,,,
139,6.949999999999874,0,1.0,0.9451004997717098,0.3270122282508248,0.0,,,
139,6.949999999999874,1,1.0,-0.9451004997717098,-0.3270122282508248,0.0,,,
140,6.999999999999873,0,1.0,0.9366317265916627,0.35053145213485337,0.0,,,
140,6.999999999999873,1,1.0,-0.9366317265916627,-0.35053145213485337,0.0,,,
141,7.049999999999872,0,1.0,0.92757774351292,0.37383166306809595,0.0,,,
141,7.049999999999872,1,1.0,-0.92757774351292,-0.37383166306809595,0.0,,,
142,7.099999999999871,0,1.0,0.9179442068724208,0.3968983027711465,0.0,,,
142,7.099999999999871,1,1.0,-0.9179442068724208,-0.3968983027711465,0.0,,,
143,7.14999999999987,0,1.0,0.9077371350874914,0.4197169588530827,0.0,,,
143,7.14999999999987,1,1.0,-0.9077371350874914,-0.4197169588530827,0.0,,,
144,7.199999999999869,0,1.0,0.8969629048983597,0.44227337381413984,0.0,,,
144,7.199999999999869,1,1.0,-0.8969629048983597,-0.44227337381413984,0.0,,,
145,7.249999999999868,0,1.0,0.8856282473869247,0.4645534539517628,0.0,,,
145,7.249999999999868,1,1.0,-0.8856282473869247,-0.4645534539517628,0.0,,,
146,7.299999999999867,0,1.0,0.873740243774254,0.4865432781644807,0.0,,,
146,7.299999999999867,1,1.0,-0.873740243774254,-0.4865432781644807,0.0,,,
147,7.3499999999998655,0,1.0,0.8613063209994289,0.508229106648109,0.0,,,
147,7.3499999999998655,1,1.0,-0.8613063209994289,-0.508229106648109,0.0,,,
148,7.3999999999998645,0,1.0,0.8483342470824905,0.5295973894788526,0.0,,,
148,7.3999999999998645,1,1.0,-0.8483342470824905,-0.5295973894788526,0.0,,,
149,7.449999999999863,0,1.0,0.8348321262743736,0.5506347750779526,0.0,,,
149,7.449999999999863,1,1.0,-0.8348321262743736,-0.5506347750779526,0.0,,,
150,7.499999999999862,0,1.0,0.8208083939968521,0.5713281185525925,0.0,,,
150,7.499999999999862,1,1.0,-0.8208083939968521,-0.5713281185525925,0.0,,,
151,7.549999999999861,0,1.0,0.806271811575644,0.5916644899078575,0.0,,,
151,7.549999999999861,1,1.0,-0.806271811575644,-0.5916644899078575,0.0,,,
152,7.59999999999986,0,1.0,0.7912314607699577,0.6116311821246215,0.0,,,
152,7.59999999999986,1,1.0,-0.7912314607699577,-0.6116311821246215,0.0,,,
153,7.649999999999859,0,1.0,0.7756967381018911,0.631215719098316,0.0,,,
153,7.649999999999859,1,1.0,-0.7756967381018911,-0.631215719098316,0.0,,,
154,7.699999999999858,0,1.0,0.7596773489892096,0.6504058634336263,0.0,,,
154,7.699999999999858,1,1.0,-0.7596773489892096,-0.6504058634336263,0.0,,,
155,7.749999999999857,0,1.0,0.7431833016851643,0.6691896240902454,0.0,,,
155,7.749999999999857,1,1.0,-0.7431833016851643,-0.6691896240902454,0.0,,,
156,7.799999999999856,0,1.0,0.7262249010291213,0.6875552638749125,0.0,,,
156,7.799999999999856,1,1.0,-0.7262249010291213,-0.6875552638749125,0.0,,,
157,7.849999999999855,0,1.0,0.7088127420118997,0.7054913067750547,0.0,,,
157,7.849999999999855,1,1.0,-0.7088127420118997,-0.7054913067750547,0.0,,,
158,7.899999999999854,0,1.0,0.6909577031598262,0.7229865451294523,0.0,,,
158,7.899999999999854,1,1.0,-0.6909577031598262,-0.7229865451294523,0.0,,,
159,7.949999999999853,0,1.0,0.6726709397416278,0.7400300466314473,0.0,,,
159,7.949999999999853,1,1.0,-0.6726709397416278,-0.7400300466314473,0.0,,,
160,7.999999999999852,0,1.0,0.6539638768023986,0.7566111611603197,0.0,,,
160,7.999999999999852,1,1.0,-0.6539638768023986,-0.7566111611603197,0.0,,,
161,8.049999999999859,0,1.0,0.63484820202898,0.7727195274365608,0.0,,,
161,8.049999999999859,1,1.0,-0.63484820202898,-0.7727195274365608,0.0,,,
162,8.099999999999866,0,1.0,0.615335858451202,0.7883450794968875,0.0,,,
162,8.099999999999866,1,1.0,-0.615335858451202,-0.7883450794968875,0.0,,,
163,8.149999999999874,0,1.0,0.5954390369835354,0.8034780529849463,0.0,,,
163,8.149999999999874,1,1.0,-0.5954390369835354,-0.8034780529849463,0.0,,,
164,8.199999999999882,0,1.0,0.5751701688118027,0.8181089912537782,0.0,,,
164,8.199999999999882,1,1.0,-0.5751701688118027,-0.8181089912537782,0.0,,,
165,8.24999999999989,0,1.0,0.554541917629697,0.832228751276224,0.0,,,
165,8.24999999999989,1,1.0,-0.554541917629697,-0.832228751276224,0.0,,,
166,8.299999999999898,0,1.0,0.533567171729944,0.8458285093595788,0.0,,,
166,8.299999999999898,1,1.0,-0.533567171729944,-0.8458285093595788,0.0,,,
167,8.349999999999905,0,1.0,0.5122590359550432,0.8588997666609174,0.0,,,
167,8.349999999999905,1,1.0,-0.5122590359550432,-0.8588997666609174,0.0,,,
168,8.399999999999913,0,1.0,0.4906308235126054,0.871434354499641,0.0,,,
168,8.399999999999913,1,1.0,-0.4906308235126054,-0.871434354499641,0.0,,,
169,8.449999999999921,0,1.0,0.46869604766038947,0.8834244394639229,0.0,,,
169,8.449999999999921,1,1.0,-0.46869604766038947,-0.8834244394639229,0.0,,,
170,8.499999999999929,0,1.0,0.4464684132662254,0.8948625283078536,0.0,,,
170,8.499999999999929,1,1.0,-0.4464684132662254,-0.8948625283078536,0.0,,,
171,8.549999999999937,0,1.0,0.4239618082480875,0.9057414726362234,0.0,,,
171,8.549999999999937,1,1.0,-0.4239618082480875,-0.9057414726362234,0.0,,,
172,8.599999999999945,0,1.0,0.4011902948996562,0.9160544733740059,0.0,,,
172,8.599999999999945,1,1.0,-0.4011902948996562,-0.9160544733740059,0.0,,,
173,8.649999999999952,0,1.0,0.3781681011067799,0.9257950850177437,0.0,,,
173,8.649999999999952,1,1.0,-0.3781681011067799,-0.9257950850177437,0.0,,,
174,8.69999999999996,0,1.0,0.3549096114603177,0.9349572196661737,0.0,,,
174,8.69999999999996,1,1.0,-0.3549096114603177,-0.9349572196661737,0.0,,,
175,8.749999999999968,0,1.0,0.3314293582709058,0.9435351508275659,0.0,,,
175,8.749999999999968,1,1.0,-0.3314293582709058,-0.9435351508275659,0.0,,,
176,8.799999999999976,0,1.0,0.3077420124912546,0.9515235170013857,0.0,,,
176,8.799999999999976,1,1.0,-0.3077420124912546,-0.9515235170013857,0.0,,,
177,8.849999999999984,0,1.0,0.2838623745516425,0.9589173250320373,0.0,,,
177,8.849999999999984,1,1.0,-0.2838623745516425,-0.9589173250320373,0.0,,,
178,8.899999999999991,0,1.0,0.2598053651143234,0.9657119532325811,0.0,,,
178,8.899999999999991,1,1.0,-0.2598053651143234,-0.9657119532325811,0.0,,,
179,8.95,0,1.0,0.23558601575261995,0.9719031542764655,0.0,,,
179,8.95,1,1.0,-0.23558601575261995,-0.9719031542764655,0.0,,,
180,9.000000000000007,0,1.0,0.21121945956051993,0.9774870578554555,0.0,,,
180,9.000000000000007,1,1.0,-0.21121945956051993,-0.9774870578554555,0.0,,,
181,9.050000000000015,0,1.0,0.18672092169863758,0.982460173102089,0.0,,,
181,9.050000000000015,1,1.0,-0.18672092169863758,-0.982460173102089,0.0,,,
182,9.100000000000023,0,1.0,0.16210570988244158,0.9868193907751349,0.0,,,
182,9.100000000000023,1,1.0,-0.16210570988244158,-0.9868193907751349,0.0,,,
183,9.15000000000003,0,1.0,0.1373892048186892,0.9905619852066795,0.0,,,
183,9.15000000000003,1,1.0,-0.1373892048186892,-0.9905619852066795,0.0,,,
184,9.200000000000038,0,1.0,0.11258685059603711,0.9936856160096128,0.0,,,
184,9.200000000000038,1,1.0,-0.11258685059603711,-0.9936856160096128,0.0,,,
185,9.250000000000046,0,1.0,0.0877141450358305,0.996188329544437,0.0,,,
185,9.250000000000046,1,1.0,-0.0877141450358305,-0.996188329544437,0.0,,,
186,9.300000000000054,0,1.0,0.06278663000909603,0.9980685601444691,0.0,,,
186,9.300000000000054,1,1.0,-0.06278663000909603,-0.9980685601444691,0.0,,,
187,9.350000000000062,0,1.0,0.03781988172578653,0.9993251310986626,0.0,,,
187,9.350000000000062,1,1.0,-0.03781988172578653,-0.9993251310986626,0.0,,,
188,9.40000000000007,0,1.0,0.01282950100234337,0.9999572553914218,0.0,,,
188,9.40000000000007,1,1.0,-0.01282950100234337,-0.9999572553914218,0.0,,,
189,9.450000000000077,0,1.0,-0.012168896486344033,0.999964536198935,0.0,,,
189,9.450000000000077,1,1.0,0.012168896486344033,-0.999964536198935,0.0,,,
190,9.500000000000085,0,1.0,-0.03715968996449119,0.9993469671417056,0.0,,,
190,9.500000000000085,1,1.0,0.03715968996449119,-0.9993469671417056,0.0,,,
191,9.550000000000093,0,1.0,-0.06212726331638748,0.9981049322931121,0.0,,,
191,9.550000000000093,1,1.0,0.06212726331638748,-0.9981049322931121,0.0,,,
192,9.600000000000101,0,1.0,-0.08705601484468178,0.9962392059439787,0.0,,,
192,9.600000000000101,1,1.0,0.08705601484468178,-0.9962392059439787,0.0,,,
193,9.650000000000109,0,1.0,-0.11193036701988635,0.9937509521232947,0.0,,,
193,9.650000000000109,1,1.0,0.11193036701988635,-0.9937509521232947,0.0,,,
194,9.700000000000117,0,1.0,-0.1367347762150059,0.9906417238753684,0.0,,,
194,9.700000000000117,1,1.0,0.1367347762150059,-0.9906417238753684,0.0,,,
195,9.750000000000124,0,1.0,-0.16145374241920696,0.986913462293858,0.0,,,
195,9.750000000000124,1,1.0,0.16145374241920696,-0.986913462293858,0.0,,,
196,9.800000000000132,0,1.0,-0.18607181892445618,0.9825684953132693,0.0,,,
196,9.800000000000132,1,1.0,0.18607181892445618,-0.9825684953132693,0.0,,,
197,9.85000000000014,0,1.0,-0.21057362197907054,0.9776095362586669,0.0,,,
197,9.85000000000014,1,1.0,0.21057362197907054,-0.9776095362586669,0.0,,,
198,9.900000000000148,0,1.0,-0.23494384040214542,0.9720396821544932,0.0,,,
198,9.900000000000148,1,1.0,0.23494384040214542,-0.9720396821544932,0.0,,,
199,9.950000000000156,0,1.0,-0.2591672451528476,0.9658624117935407,0.0,,,
199,9.950000000000156,1,1.0,0.2591672451528476,-0.9658624117935407,0.0,,,
200,10.000000000000163,0,1.0,-0.28322869884859003,0.9590815835672736,0.0,,,
200,10.000000000000163,1,1.0,0.28322869884859003,-0.9590815835672736,0.0,,,
201,10.050000000000171,0,1.0,-0.30711316522613513,0.9517014330588466,0.0,,,
201,10.050000000000171,1,1.0,0.30711316522613513,-0.9517014330588466,0.0,,,
202,10.100000000000179,0,1.0,-0.33080571853970964,0.9437265704003109,0.0,,,
202,10.100000000000179,1,1.0,0.33080571853970964,-0.9437265704003109,0.0,,,
203,10.150000000000187,0,1.0,-0.3542915528902523,0.9351619773956528,0.0,,,
203,10.150000000000187,1,1.0,0.3542915528902523,-0.9351619773956528,0.0,,,
204,10.200000000000195,0,1.0,-0.3775559914799582,0.9260130044114498,0.0,,,
204,10.200000000000195,1,1.0,0.3775559914799582,-0.9260130044114498,0.0,,,
205,10.250000000000203,0,1.0,-0.4005844957863301,0.9162853670370829,0.0,,,
205,10.250000000000203,1,1.0,0.4005844957863301,-0.9162853670370829,0.0,,,
206,10.30000000000021,0,1.0,-0.42336267464999694,0.9059851425165762,0.0,,,
206,10.30000000000021,1,1.0,0.42336267464999694,-0.9059851425165762,0.0,,,
207,10.350000000000218,0,1.0,-0.44587629327061257,0.8951187659542933,0.0,,,
207,10.350000000000218,1,1.0,0.44587629327061257,-0.8951187659542933,0.0,,,
208,10.400000000000226,0,1.0,-0.46811128210520575,0.8836930262968453,0.0,,,
208,10.400000000000226,1,1.0,0.46811128210520575,-0.8836930262968453,0.0,,,
209,10.450000000000234,0,1.0,-0.4900537456634122,0.8717150620937204,0.0,,,
209,10.450000000000234,1,1.0,0.4900537456634122,-0.8717150620937204,0.0,,,
210,10.500000000000242,0,1.0,-0.5116899711940843,0.8591923570392728,0.0,,,
210,10.500000000000242,1,1.0,0.5116899711940843,-0.8591923570392728,0.0,,,
211,10.55000000000025,0,1.0,-0.5330064372578398,0.8461327352988522,0.0,,,
211,10.55000000000025,1,1.0,0.5330064372578398,-0.8461327352988522,0.0,,,
212,10.600000000000257,0,1.0,-0.5539898221801851,0.8325443566219873,0.0,,,
212,10.600000000000257,1,1.0,0.5539898221801851,-0.8325443566219873,0.0,,,
213,10.650000000000265,0,1.0,-0.5746270123799211,0.8184357112456705,0.0,,,
213,10.650000000000265,1,1.0,0.5746270123799211,-0.8184357112456705,0.0,,,
214,10.700000000000273,0,1.0,-0.5949051105676127,0.8038156145909253,0.0,,,
214,10.700000000000273,1,1.0,0.5949051105676127,-0.8038156145909253,0.0,,,
215,10.75000000000028,0,1.0,-0.6148114438089968,0.7886932017559644,0.0,,,
215,10.75000000000028,1,1.0,0.6148114438089968,-0.7886932017559644,0.0,,,
216,10.800000000000288,0,1.0,-0.6343335714482712,0.7730779218093752,0.0,,,
216,10.800000000000288,1,1.0,0.6343335714482712,-0.7730779218093752,0.0,,,
217,10.850000000000296,0,1.0,-0.6534592928863086,0.7569795318868964,0.0,,,
217,10.850000000000296,1,1.0,0.6534592928863086,-0.7569795318868964,0.0,,,
218,10.900000000000304,0,1.0,-0.6721766552089207,0.74040809109547,0.0,,,
218,10.900000000000304,1,1.0,0.6721766552089207,-0.74040809109547,0.0,,,
219,10.950000000000312,0,1.0,-0.6904739606603953,0.7233739542283758,0.0,,,
219,10.950000000000312,1,1.0,0.6904739606603953,-0.7233739542283758,0.0,,,
220,11.00000000000032,0,1.0,-0.7083397739576278,0.7058877652953741,0.0,,,
220,11.00000000000032,1,1.0,0.7083397739576278,-0.7058877652953741,0.0,,,
221,11.050000000000328,0,1.0,-0.7257629294402603,0.6879604508718983,0.0,,,
221,11.050000000000328,1,1.0,0.7257629294402603,-0.6879604508718983,0.0,,,
222,11.100000000000335,0,1.0,-0.7427325380523545,0.6696032132714502,0.0,,,
222,11.100000000000335,1,1.0,0.7427325380523545,-0.6696032132714502,0.0,,,
223,11.150000000000343,0,1.0,-0.7592379941512203,0.6508275235454687,0.0,,,
223,11.150000000000343,1,1.0,0.7592379941512203,-0.6508275235454687,0.0,,,
224,11.200000000000351,0,1.0,-0.7752689821391342,0.6316451143150398,0.0,,,
224,11.200000000000351,1,1.0,0.7752689821391342,-0.6316451143150398,0.0,,,
225,11.250000000000359,0,1.0,-0.7908154829137973,0.6120679724389355,0.0,,,
225,11.250000000000359,1,1.0,0.7908154829137973,-0.6120679724389355,0.0,,,
226,11.300000000000367,0,1.0,-0.8058677801334819,0.5921083315225585,0.0,,,
226,11.300000000000367,1,1.0,0.8058677801334819,-0.5921083315225585,0.0,,,
227,11.350000000000374,0,1.0,-0.82041646629295,0.5717786642724793,0.0,,,
227,11.350000000000374,1,1.0,0.82041646629295,-0.5717786642724793,0.0,,,
228,11.400000000000382,0,1.0,-0.8344524486063277,0.5510916747013437,0.0,,,
228,11.400000000000382,1,1.0,0.8344524486063277,-0.5510916747013437,0.0,,,
229,11.45000000000039,0,1.0,-0.8479669546932552,0.530060290188026,0.0,,,
229,11.45000000000039,1,1.0,0.8479669546932552,-0.530060290188026,0.0,,,
230,11.500000000000398,0,1.0,-0.8609515380647434,0.5086976533979927,0.0,,,
230,11.500000000000398,1,1.0,0.8609515380647434,-0.5086976533979927,0.0,,,
231,11.550000000000406,0,1.0,-0.8733980834053023,0.48701711406892895,0.0,,,
231,11.550000000000406,1,1.0,0.8733980834053023,-0.48701711406892895,0.0,,,
232,11.600000000000414,0,1.0,-0.8852988116480266,0.46503222066676675,0.0,,,
232,11.600000000000414,1,1.0,0.8852988116480266,-0.46503222066676675,0.0,,,
233,11.650000000000421,0,1.0,-0.8966462848394604,0.44275671191733235,0.0,,,
233,11.650000000000421,1,1.0,0.8966462848394604,-0.44275671191733235,0.0,,,
234,11.70000000000043,0,1.0,-0.9074334107911888,0.4202045082189118,0.0,,,
234,11.70000000000043,1,1.0,0.9074334107911888,-0.4202045082189118,0.0,,,
235,11.750000000000437,0,1.0,-0.9176534475152414,0.39738970294110665,0.0,,,
235,11.750000000000437,1,1.0,0.9176534475152414,-0.39738970294110665,0.0,,,
236,11.800000000000445,0,1.0,-0.9273000074405273,0.3743265536154223,0.0,,,
236,11.800000000000445,1,1.0,0.9273000074405273,-0.3743265536154223,0.0,,,
237,11.850000000000453,0,1.0,-0.9363670614076562,0.35102947302310245,0.0,,,
237,11.850000000000453,1,1.0,0.9363670614076562,-0.35102947302310245,0.0,,,
238,11.90000000000046,0,1.0,-0.9448489424396421,0.3275130201857864,0.0,,,
238,11.90000000000046,1,1.0,0.9448489424396421,-0.3275130201857864,0.0,,,
239,11.950000000000468,0,1.0,-0.9527403492861255,0.3037918912646247,0.0,,,
239,11.950000000000468,1,1.0,0.9527403492861255,-0.3037918912646247,0.0,,,
240,12.000000000000476,0,1.0,-0.9600363497388906,0.27988091037355123,0.0,,,
240,12.000000000000476,1,1.0,0.9600363497388906,-0.27988091037355123,0.0,,,
241,12.050000000000484,0,1.0,-0.9667323837166004,0.2557950203124594,0.0,,,
241,12.050000000000484,1,1.0,0.9667323837166004,-0.2557950203124594,0.0,,,
242,12.100000000000492,0,1.0,-0.9728242661168116,0.23154927322608193,0.0,,,
242,12.100000000000492,1,1.0,0.9728242661168116,-0.23154927322608193,0.0,,,
243,12.1500000000005,0,1.0,-0.9783081894334855,0.2071588211944224,0.0,,,
243,12.1500000000005,1,1.0,0.9783081894334855,-0.2071588211944224,0.0,,,
244,12.200000000000507,0,1.0,-0.9831807261383495,0.18263890676062622,0.0,,,
244,12.200000000000507,1,1.0,0.9831807261383495,-0.18263890676062622,0.0,,,
245,12.250000000000515,0,1.0,-0.987438830824618,0.15800485340222117,0.0,,,
245,12.250000000000515,1,1.0,0.987438830824618,-0.15800485340222117,0.0,,,
246,12.300000000000523,0,1.0,-0.9910798421117273,0.13327205595169156,0.0,,,
246,12.300000000000523,1,1.0,0.9910798421117273,-0.13327205595169156,0.0,,,
247,12.35000000000053,0,1.0,-0.9941014843098894,0.10845597097238285,0.0,,,
247,12.35000000000053,1,1.0,0.9941014843098894,-0.10845597097238285,0.0,,,
248,12.400000000000539,0,1.0,-0.9965018688434237,0.08357210709576077,0.0,,,
248,12.400000000000539,1,1.0,0.9965018688434237,-0.08357210709576077,0.0,,,
249,12.450000000000546,0,1.0,-0.9982794954319683,0.05863601532607455,0.0,,,
249,12.450000000000546,1,1.0,0.9982794954319683,-0.05863601532607455,0.0,,,
250,12.500000000000554,0,1.0,-0.9994332530288363,0.03366327931849318,0.0,,,
250,12.500000000000554,1,1.0,0.9994332530288363,-0.03366327931849318,0.0,,,
251,12.550000000000562,0,1.0,-0.9999624205159249,0.008669505636801012,0.0,,,
251,12.550000000000562,1,1.0,0.9999624205159249,-0.008669505636801012,0.0,,,
252,12.60000000000057,0,1.0,-0.9998666671547412,-0.016329686003248262,0.0,,,
252,12.60000000000057,1,1.0,0.9998666671547412,0.016329686003248262,0.0,,,
253,12.650000000000578,0,1.0,-0.999146052793264,-0.041318672498811285,0.0,,,
253,12.650000000000578,1,1.0,0.999146052793264,0.041318672498811285,0.0,,,
254,12.700000000000585,0,1.0,-0.9978010278285103,-0.06628183712695508,0.0,,,
254,12.700000000000585,1,1.0,0.9978010278285103,0.06628183712695508,0.0,,,
255,12.750000000000593,0,1.0,-0.9958324329248313,-0.09120357930766294,0.0,,,
255,12.750000000000593,1,1.0,0.9958324329248313,0.09120357930766294,0.0,,,
256,12.800000000000601,0,1.0,-0.993241498488111,-0.11606832435673416,0.0,,,
256,12.800000000000601,1,1.0,0.993241498488111,0.11606832435673416,0.0,,,
257,12.850000000000609,0,1.0,-0.9900298438962034,-0.1408605332224719,0.0,,,
257,12.850000000000609,1,1.0,0.9900298438962034,0.1408605332224719,0.0,,,
258,12.900000000000617,0,1.0,-0.9861994764860847,-0.16556471220006388,0.0,,,
258,12.900000000000617,1,1.0,0.9861994764860847,0.16556471220006388,0.0,,,
259,12.950000000000625,0,1.0,-0.9817527902983605,-0.19016542261757383,0.0,,,
259,12.950000000000625,1,1.0,0.9817527902983605,0.19016542261757383,0.0,,,
260,13.000000000000632,0,1.0,-0.9766925645799117,-0.21464729048748124,0.0,,,
260,13.000000000000632,1,1.0,0.9766925645799117,0.21464729048748124,0.0,,,
261,13.05000000000064,0,1.0,-0.9710219620456213,-0.23899501611772653,0.0,,,
261,13.05000000000064,1,1.0,0.9710219620456213,0.23899501611772653,0.0,,,
262,13.100000000000648,0,1.0,-0.96474452690027,-0.26319338367624595,0.0,,,
262,13.100000000000648,1,1.0,0.96474452690027,0.26319338367624595,0.0,,,
263,13.150000000000656,0,1.0,-0.9578641826218435,-0.2872272707030084,0.0,,,
263,13.150000000000656,1,1.0,0.9578641826218435,0.2872272707030084,0.0,,,
264,13.200000000000664,0,1.0,-0.9503852295076379,-0.3110816575636012,0.0,,,
264,13.200000000000664,1,1.0,0.9503852295076379,0.3110816575636012,0.0,,,
265,13.250000000000671,0,1.0,-0.9423123419847084,-0.334741636838446,0.0,,,
265,13.250000000000671,1,1.0,0.9423123419847084,0.334741636838446,0.0,,,
266,13.30000000000068,0,1.0,-0.9336505656863399,-0.35819242264177,0.0,,,
266,13.30000000000068,1,1.0,0.9336505656863399,0.35819242264177,0.0,,,
267,13.350000000000687,0,1.0,-0.924405314296381,-0.38141935986449826,0.0,,,
267,13.350000000000687,1,1.0,0.924405314296381,0.38141935986449826,0.0,,,
268,13.400000000000695,0,1.0,-0.9145823661634132,-0.4044079333352829,0.0,,,
268,13.400000000000695,1,1.0,0.9145823661634132,0.4044079333352829,0.0,,,
269,13.450000000000703,0,1.0,-0.904187860686884,-0.42714377689393707,0.0,,,
269,13.450000000000703,1,1.0,0.904187860686884,0.42714377689393707,0.0,,,
270,13.50000000000071,0,1.0,-0.8932282944774669,-0.4496126823715937,0.0,,,
270,13.50000000000071,1,1.0,0.8932282944774669,0.4496126823715937,0.0,,,
271,13.550000000000718,0,1.0,-0.881710517294056,-0.4718006084719719,0.0,,,
271,13.550000000000718,1,1.0,0.881710517294056,0.4718006084719719,0.0,,,
272,13.600000000000726,0,1.0,-0.8696417277599438,-0.49369368954819204,0.0,,,
272,13.600000000000726,1,1.0,0.8696417277599438,0.49369368954819204,0.0,,,
273,13.650000000000734,0,1.0,-0.8570294688608675,-0.5152782442696487,0.0,,,
273,13.650000000000734,1,1.0,0.8570294688608675,0.5152782442696487,0.0,,,
274,13.700000000000742,0,1.0,-0.8438816232277468,-0.536540784173521,0.0,,,
274,13.700000000000742,1,1.0,0.8438816232277468,0.536540784173521,0.0,,,
275,13.75000000000075,0,1.0,-0.830206408207069,-0.5574680220955661,0.0,,,
275,13.75000000000075,1,1.0,0.830206408207069,0.5574680220955661,0.0,,,
276,13.800000000000757,0,1.0,-0.816012370722014,-0.5780468804749277,0.0,,,
276,13.800000000000757,1,1.0,0.816012370722014,0.5780468804749277,0.0,,,
277,13.850000000000765,0,1.0,-0.801308381927538,-0.5982644995277611,0.0,,,
277,13.850000000000765,1,1.0,0.801308381927538,0.5982644995277611,0.0,,,
278,13.900000000000773,0,1.0,-0.7861036316627694,-0.6181082452845635,0.0,,,
278,13.900000000000773,1,1.0,0.7861036316627694,0.6181082452845635,0.0,,,
279,13.95000000000078,0,1.0,-0.7704076227041912,-0.6375657174861858,0.0,,,
279,13.95000000000078,1,1.0,0.7704076227041912,0.6375657174861858,0.0,,,
280,14.000000000000789,0,1.0,-0.754230164823213,-0.6566247573335828,0.0,,,
280,14.000000000000789,1,1.0,0.754230164823213,0.6566247573335828,0.0,,,
281,14.050000000000797,0,1.0,-0.7375813686518579,-0.6752734550864633,0.0,,,
281,14.050000000000797,1,1.0,0.7375813686518579,0.6752734550864633,0.0,,,
282,14.100000000000804,0,1.0,-0.7204716393604057,-0.6935001575060828,0.0,,,
282,14.100000000000804,1,1.0,0.7204716393604057,0.6935001575060828,0.0,,,
283,14.150000000000812,0,1.0,-0.7029116701509582,-0.7112934751375322,0.0,,,
283,14.150000000000812,1,1.0,0.7029116701509582,0.7112934751375322,0.0,,,
284,14.20000000000082,0,1.0,-0.6849124355710013,-0.7286422894269643,0.0,,,
284,14.20000000000082,1,1.0,0.6849124355710013,0.7286422894269643,0.0,,,
285,14.250000000000828,0,1.0,-0.6664851846511527,-0.7455357596693174,0.0,,,
285,14.250000000000828,1,1.0,0.6664851846511527,0.7455357596693174,0.0,,,
286,14.300000000000836,0,1.0,-0.6476414338713969,-0.7619633297821878,0.0,,,
286,14.300000000000836,1,1.0,0.6476414338713969,0.7619633297821878,0.0,,,
287,14.350000000000843,0,1.0,-0.628392959960213,-0.7779147349016227,0.0,,,
287,14.350000000000843,1,1.0,0.628392959960213,0.7779147349016227,0.0,,,
288,14.400000000000851,0,1.0,-0.6087517925311057,-0.7933800077957107,0.0,,,
288,14.400000000000851,1,1.0,0.6087517925311057,0.7933800077957107,0.0,,,
289,14.450000000000859,0,1.0,-0.5887302065611537,-0.8083494850919669,0.0,,,
289,14.450000000000859,1,1.0,0.5887302065611537,0.8083494850919669,0.0,,,
290,14.500000000000867,0,1.0,-0.5683407147162848,-0.8228138133146202,0.0,,,
290,14.500000000000867,1,1.0,0.5683407147162848,0.8228138133146202,0.0,,,
291,14.550000000000875,0,1.0,-0.547596059528086,-0.8367639547280338,0.0,,,
291,14.550000000000875,1,1.0,0.547596059528086,0.8367639547280338,0.0,,,
292,14.600000000000882,0,1.0,-0.5265092054270467,-0.8501911929826127,0.0,,,
292,14.600000000000882,1,1.0,0.5265092054270467,0.8501911929826127,0.0,,,
293,14.65000000000089,0,1.0,-0.5050933306372258,-0.863087138559671,0.0,,,
293,14.65000000000089,1,1.0,0.5050933306372258,0.863087138559671,0.0,,,
294,14.700000000000898,0,1.0,-0.4833618189374161,-0.875443734011863,0.0,,,
294,14.700000000000898,1,1.0,0.4833618189374161,0.875443734011863,0.0,,,
295,14.750000000000906,0,1.0,-0.4613282512939658,-0.8872532589959092,0.0,,,
295,14.750000000000906,1,1.0,0.4613282512939658,0.8872532589959092,0.0,,,
296,14.800000000000914,0,1.0,-0.4390063973704957,-0.8985083350944736,0.0,,,
296,14.800000000000914,1,1.0,0.4390063973704957,0.8985083350944736,0.0,,,
297,14.850000000000922,0,1.0,-0.416410206919826,-0.9092019304241907,0.0,,,
297,14.850000000000922,1,1.0,0.416410206919826,0.9092019304241907,0.0,,,
298,14.90000000000093,0,1.0,-0.3935538010635027,-0.9193273640269638,0.0,,,
298,14.90000000000093,1,1.0,0.3935538010635027,0.9193273640269638,0.0,,,
299,14.950000000000937,0,1.0,-0.370451463464381,-0.9288783100418028,0.0,,,
299,14.950000000000937,1,1.0,0.370451463464381,0.9288783100418028,0.0,,,
300,15.000000000000945,0,1.0,-0.34711763139779067,-0.9378488016545963,0.0,,,
300,15.000000000000945,1,1.0,0.34711763139779067,0.9378488016545963,0.0,,,
301,15.050000000000953,0,1.0,-0.32356688672687145,-0.9462332348233619,0.0,,,
301,15.050000000000953,1,1.0,0.32356688672687145,0.9462332348233619,0.0,,,
302,15.10000000000096,0,1.0,-0.2998139467877259,-0.954026371776652,0.0,,,
302,15.10000000000096,1,1.0,0.2998139467877259,0.954026371776652,0.0,,,
303,15.150000000000968,0,1.0,-0.27587365519009227,-0.9612233442829413,0.0,,,
303,15.150000000000968,1,1.0,0.27587365519009227,0.9612233442829413,0.0,,,
304,15.200000000000976,0,1.0,-0.251760972539294,-0.9678196566889574,0.0,,,
304,15.200000000000976,1,1.0,0.251760972539294,0.9678196566889574,0.0,,,
305,15.250000000000984,0,1.0,-0.22749096708526942,-0.9738111887250678,0.0,,,
305,15.250000000000984,1,1.0,0.22749096708526942,0.9738111887250678,0.0,,,
306,15.300000000000992,0,1.0,-0.20307880530453087,-0.97919419807598,0.0,,,
306,15.300000000000992,1,1.0,0.20307880530453087,0.97919419807598,0.0,,,
307,15.350000000001,0,1.0,-0.17853974242094575,-0.9839653227151568,0.0,,,
307,15.350000000001,1,1.0,0.17853974242094575,0.9839653227151568,0.0,,,
308,15.400000000001008,0,1.0,-0.15388911287126583,-0.9881215830014997,0.0,,,
308,15.400000000001008,1,1.0,0.15388911287126583,0.9881215830014997,0.0,,,
309,15.450000000001015,0,1.0,-0.12914232072136908,-0.991660383536999,0.0,,,
309,15.450000000001015,1,1.0,0.12914232072136908,0.991660383536999,0.0,,,
310,15.500000000001023,0,1.0,-0.10431483003920639,-0.9945795147842019,0.0,,,
310,15.500000000001023,1,1.0,0.10431483003920639,0.9945795147842019,0.0,,,
311,15.550000000001031,0,1.0,-0.07942215523047241,-0.9968771544424978,0.0,,,
311,15.550000000001031,1,1.0,0.07942215523047241,0.9968771544424978,0.0,,,
312,15.600000000001039,0,1.0,-0.054479851343042875,-0.9985518685823725,0.0,,,
312,15.600000000001039,1,1.0,0.054479851343042875,0.9985518685823725,0.0,,,
313,15.650000000001047,0,1.0,-0.02950350434623954,-0.9996026125369324,0.0,,,
313,15.650000000001047,1,1.0,0.02950350434623954,0.9996026125369324,0.0,,,
314,15.700000000001054,0,1.0,-0.0045087213909989505,-1.0000287315501541,0.0,,,
314,15.700000000001054,1,1.0,0.0045087213909989505,1.0000287315501541,0.0,,,
315,15.750000000001062,0,1.0,0.02048887894296728,-0.9998299611814658,0.0,,,
315,15.750000000001062,1,1.0,-0.02048887894296728,0.9998299611814658,0.0,,,
316,15.80000000000107,0,1.0,0.04547367640692551,-0.9990064274664169,0.0,,,
316,15.80000000000107,1,1.0,-0.04547367640692551,0.9990064274664169,0.0,,,
317,15.850000000001078,0,1.0,0.07043005884368739,-0.9975586468333499,0.0,,,
317,15.850000000001078,1,1.0,-0.07043005884368739,0.9975586468333499,0.0,,,
318,15.900000000001086,0,1.0,0.0953424319428925,-0.9954875257761363,0.0,,,
318,15.900000000001086,1,1.0,-0.0953424319428925,0.9954875257761363,0.0,,,
319,15.950000000001094,0,1.0,0.12019522898491156,-0.9927943602831925,0.0,,,
319,15.950000000001094,1,1.0,-0.12019522898491156,0.9927943602831925,0.0,,,
320,16.0000000000011,0,1.0,0.14497292056728234,-0.9894808350231435,0.0,,,
320,16.0000000000011,1,1.0,-0.14497292056728234,0.9894808350231435,0.0,,,
321,16.05000000000109,0,1.0,0.16966002430760313,-0.9855490222876562,0.0,,,
321,16.05000000000109,1,1.0,-0.16966002430760313,0.9855490222876562,0.0,,,
322,16.10000000000108,0,1.0,0.19424111451682227,-0.9810013806921118,0.0,,,
322,16.10000000000108,1,1.0,-0.19424111451682227,0.9810013806921118,0.0,,,
323,16.15000000000107,0,1.0,0.21870083183688319,-0.9758407536349435,0.0,,,
323,16.15000000000107,1,1.0,-0.21870083183688319,0.9758407536349435,0.0,,,
324,16.20000000000106,0,1.0,0.2430238928367052,-0.9700703675166072,0.0,,,
324,16.20000000000106,1,1.0,-0.2430238928367052,0.9700703675166072,0.0,,,
325,16.25000000000105,0,1.0,0.26719509956050885,-0.963693829719316,0.0,,,
325,16.25000000000105,1,1.0,-0.26719509956050885,0.963693829719316,0.0,,,
326,16.30000000000104,0,1.0,0.29119934902252304,-0.9567151263488066,0.0,,,
326,16.30000000000104,1,1.0,-0.29119934902252304,0.9567151263488066,0.0,,,
327,16.35000000000103,0,1.0,0.3150216426421475,-0.9491386197395602,0.0,,,
327,16.35000000000103,1,1.0,-0.3150216426421475,0.9491386197395602,0.0,,,
328,16.40000000000102,0,1.0,0.33864709561367823,-0.9409690457250461,0.0,,,
328,16.40000000000102,1,1.0,-0.33864709561367823,0.9409690457250461,0.0,,,
329,16.450000000001012,0,1.0,0.3620609462047499,-0.9322115106747056,0.0,,,
329,16.450000000001012,1,1.0,-0.3620609462047499,0.9322115106747056,0.0,,,
330,16.500000000001002,0,1.0,0.38524856497768883,-0.9228714882995336,0.0,,,
330,16.500000000001002,1,1.0,-0.38524856497768883,0.9228714882995336,0.0,,,
331,16.550000000000992,0,1.0,0.40819546392802447,-0.9129548162282668,0.0,,,
331,16.550000000000992,1,1.0,-0.40819546392802447,0.9129548162282668,0.0,,,
332,16.600000000000982,0,1.0,0.43088730553445254,-0.9024676923563228,0.0,,,
332,16.600000000000982,1,1.0,-0.43088730553445254,0.9024676923563228,0.0,,,
333,16.650000000000972,0,1.0,0.4533099117146067,-0.891416670969783,0.0,,,
333,16.650000000000972,1,1.0,-0.4533099117146067,0.891416670969783,0.0,,,
334,16.700000000000962,0,1.0,0.4754492726810486,-0.8798086586468467,0.0,,,
334,16.700000000000962,1,1.0,-0.4754492726810486,0.8798086586468467,0.0,,,
335,16.750000000000952,0,1.0,0.4972915556919514,-0.8676509099393255,0.0,,,
335,16.750000000000952,1,1.0,-0.4972915556919514,0.8676509099393255,0.0,,,
336,16.800000000000942,0,1.0,0.5188231136910182,-0.8549510228368861,0.0,,,
336,16.800000000000942,1,1.0,-0.5188231136910182,0.8549510228368861,0.0,,,
337,16.850000000000932,0,1.0,0.5400304938312456,-0.8417169340168773,0.0,,,
337,16.850000000000932,1,1.0,-0.5400304938312456,0.8417169340168773,0.0,,,
338,16.900000000000922,0,1.0,0.5609004458772171,-0.8279569138827201,0.0,,,
338,16.900000000000922,1,1.0,-0.5609004458772171,0.8279569138827201,0.0,,,
339,16.950000000000912,0,1.0,0.5814199304806833,-0.8136795613939625,0.0,,,
339,16.950000000000912,1,1.0,-0.5814199304806833,0.8136795613939625,0.0,,,
340,17.000000000000902,0,1.0,0.6015761273242707,-0.7988937986912402,0.0,,,
340,17.000000000000902,1,1.0,-0.6015761273242707,0.7988937986912402,0.0,,,
341,17.050000000000892,0,1.0,0.6213564431282397,-0.7836088655195007,0.0,,,
341,17.050000000000892,1,1.0,-0.6213564431282397,0.7836088655195007,0.0,,,
342,17.100000000000882,0,1.0,0.6407485195152989,-0.7678343134529817,0.0,,,
342,17.100000000000882,1,1.0,-0.6407485195152989,0.7678343134529817,0.0,,,
343,17.150000000000873,0,1.0,0.659740240728573,-0.7515799999255578,0.0,,,
343,17.150000000000873,1,1.0,-0.659740240728573,0.7515799999255578,0.0,,,
344,17.200000000000863,0,1.0,0.6783197411979127,-0.7348560820701862,0.0,,,
344,17.200000000000863,1,1.0,-0.6783197411979127,0.7348560820701862,0.0,,,
345,17.250000000000853,0,1.0,0.6964754129498281,-0.7176730103713028,0.0,,,
345,17.250000000000853,1,1.0,-0.6964754129498281,0.7176730103713028,0.0,,,
346,17.300000000000843,0,1.0,0.7141959128564287,-0.7000415221341401,0.0,,,
346,17.300000000000843,1,1.0,-0.7141959128564287,0.7000415221341401,0.0,,,
347,17.350000000000833,0,1.0,0.7314701697188514,-0.6819726347750454,0.0,,,
347,17.350000000000833,1,1.0,-0.7314701697188514,0.6819726347750454,0.0,,,
348,17.400000000000823,0,1.0,0.7482873911807597,-0.6634776389369952,0.0,,,
348,17.400000000000823,1,1.0,-0.7482873911807597,0.6634776389369952,0.0,,,
349,17.450000000000813,0,1.0,0.7646370704676086,-0.6445680914346053,0.0,,,
349,17.450000000000813,1,1.0,-0.7646370704676086,0.6445680914346053,0.0,,,
350,17.500000000000803,0,1.0,0.7805089929474724,-0.625255808033047,0.0,,,
350,17.500000000000803,1,1.0,-0.7805089929474724,0.625255808033047,0.0,,,
351,17.550000000000793,0,1.0,0.7958932425093491,-0.6055528560653802,0.0,,,
351,17.550000000000793,1,1.0,-0.7958932425093491,0.6055528560653802,0.0,,,
352,17.600000000000783,0,1.0,0.8107802077549667,-0.5854715468929121,0.0,,,
352,17.600000000000783,1,1.0,-0.8107802077549667,0.5854715468929121,0.0,,,
353,17.650000000000773,0,1.0,0.8251605880002328,-0.5650244282132939,0.0,,,
353,17.650000000000773,1,1.0,-0.8251605880002328,0.5650244282132939,0.0,,,
354,17.700000000000763,0,1.0,0.8390253990825902,-0.5442242762211589,0.0,,,
354,17.700000000000763,1,1.0,-0.8390253990825902,0.5442242762211589,0.0,,,
355,17.750000000000753,0,1.0,0.8523659789706567,-0.5230840876261945,0.0,,,
355,17.750000000000753,1,1.0,-0.8523659789706567,0.5230840876261945,0.0,,,
356,17.800000000000743,0,1.0,0.8651739931726596,-0.5016170715336354,0.0,,,
356,17.800000000000743,1,1.0,-0.8651739931726596,0.5016170715336354,0.0,,,
357,17.850000000000733,0,1.0,0.8774414399402931,-0.47983664119224445,0.0,,,
357,17.850000000000733,1,1.0,-0.8774414399402931,0.47983664119224445,0.0,,,
358,17.900000000000723,0,1.0,0.8891606552647564,-0.45775640561493436,0.0,,,
358,17.900000000000723,1,1.0,-0.8891606552647564,0.45775640561493436,0.0,,,
359,17.950000000000713,0,1.0,0.9003243176618628,-0.43539016107726036,0.0,,,
359,17.950000000000713,1,1.0,-0.9003243176618628,0.43539016107726036,0.0,,,
360,18.000000000000703,0,1.0,0.910925452743238,-0.41275188249908995,0.0,,,
360,18.000000000000703,1,1.0,-0.910925452743238,0.41275188249908995,0.0,,,
361,18.050000000000693,0,1.0,0.9209574375707613,-0.3898557147148292,0.0,,,
361,18.050000000000693,1,1.0,-0.9209574375707613,0.3898557147148292,0.0,,,
362,18.100000000000684,0,1.0,0.930414004791537,-0.366715963637653,0.0,,,
362,18.100000000000684,1,1.0,-0.930414004791537,0.366715963637653,0.0,,,
363,18.150000000000674,0,1.0,0.9392892465508232,-0.34334708732325453,0.0,,,
363,18.150000000000674,1,1.0,-0.9392892465508232,0.34334708732325453,0.0,,,
364,18.200000000000664,0,1.0,0.9475776181804787,-0.31976368693868806,0.0,,,
364,18.200000000000664,1,1.0,-0.9475776181804787,0.31976368693868806,0.0,,,
365,18.250000000000654,0,1.0,0.955273941660631,-0.2959804976419425,0.0,,,
365,18.250000000000654,1,1.0,-0.955273941660631,0.2959804976419425,0.0,,,
366,18.300000000000644,0,1.0,0.9623734088524142,-0.2720123793779347,0.0,,,
366,18.300000000000644,1,1.0,-0.9623734088524142,0.2720123793779347,0.0,,,
367,18.350000000000634,0,1.0,0.9688715844997575,-0.24787430759666534,0.0,,,
367,18.350000000000634,1,1.0,-0.9688715844997575,0.24787430759666534,0.0,,,
368,18.400000000000624,0,1.0,0.9747644089983616,-0.2235813638993282,0.0,,,
368,18.400000000000624,1,1.0,-0.9747644089983616,0.2235813638993282,0.0,,,
369,18.450000000000614,0,1.0,0.9800482009301332,-0.19914872661820862,0.0,,,
369,18.450000000000614,1,1.0,-0.9800482009301332,0.19914872661820862,0.0,,,
370,18.500000000000604,0,1.0,0.9847196593615042,-0.17459166133624646,0.0,,,
370,18.500000000000604,1,1.0,-0.9847196593615042,0.17459166133624646,0.0,,,
371,18.550000000000594,0,1.0,0.988775865904202,-0.14992551135217877,0.0,,,
371,18.550000000000594,1,1.0,-0.988775865904202,0.14992551135217877,0.0,,,
372,18.600000000000584,0,1.0,0.9922142865371889,-0.1251656880972087,0.0,,,
372,18.600000000000584,1,1.0,-0.9922142865371889,0.1251656880972087,0.0,,,
373,18.650000000000574,0,1.0,0.9950327731886368,-0.10032766150917939,0.0,,,
373,18.650000000000574,1,1.0,-0.9950327731886368,0.10032766150917939,0.0,,,
374,18.700000000000564,0,1.0,0.9972295650769509,-0.0754269503702559,0.0,,,
374,18.700000000000564,1,1.0,-0.9972295650769509,0.0754269503702559,0.0,,,
375,18.750000000000554,0,1.0,0.9988032898100081,-0.05047911261414282,0.0,,,
375,18.750000000000554,1,1.0,-0.9988032898100081,0.05047911261414282,0.0,,,
376,18.800000000000544,0,1.0,0.9997529642419266,-0.025499735608882558,0.0,,,
376,18.800000000000544,1,1.0,-0.9997529642419266,0.025499735608882558,0.0,,,
377,18.850000000000534,0,1.0,1.000077995086833,-0.00050442642129527,0.0,,,
377,18.850000000000534,1,1.0,-1.000077995086833,0.00050442642129527,0.0,,,
378,18.900000000000524,0,1.0,0.9997781792892435,0.024491197930867493,0.0,,,
378,18.900000000000524,1,1.0,-0.9997781792892435,-0.024491197930867493,0.0,,,
379,18.950000000000514,0,1.0,0.9988537041508313,0.04947152023297552,0.0,,,
379,18.950000000000514,1,1.0,-0.9988537041508313,-0.04947152023297552,0.0,,,
380,19.000000000000504,0,1.0,0.9973051472134965,0.07442093282769563,0.0,,,
380,19.000000000000504,1,1.0,-0.9973051472134965,-0.07442093282769563,0.0,,,
381,19.050000000000495,0,1.0,0.9951334758988185,0.09932384736320651,0.0,,,
381,19.050000000000495,1,1.0,-0.9951334758988185,-0.09932384736320651,0.0,,,
382,19.100000000000485,0,1.0,0.9923400469041078,0.12416470452937285,0.0,,,
382,19.100000000000485,1,1.0,-0.9923400469041078,-0.12416470452937285,0.0,,,
383,19.150000000000475,0,1.0,0.9889266053554391,0.14892798377580596,0.0,,,
383,19.150000000000475,1,1.0,-0.9889266053554391,-0.14892798377580596,0.0,,,
384,19.200000000000465,0,1.0,0.9848952837181889,0.17359821300575023,0.0,,,
384,19.200000000000465,1,1.0,-0.9848952837181889,-0.17359821300575023,0.0,,,
385,19.250000000000455,0,1.0,0.9802486004657573,0.19815997823974799,0.0,,,
385,19.250000000000455,1,1.0,-0.9802486004657573,-0.19815997823974799,0.0,,,
386,19.300000000000445,0,1.0,0.9749894585073051,0.2225979332430566,0.0,,,
386,19.300000000000445,1,1.0,-0.9749894585073051,-0.2225979332430566,0.0,,,
387,19.350000000000435,0,1.0,0.9691211433754799,0.24689680911081166,0.0,,,
387,19.350000000000435,1,1.0,-0.9691211433754799,-0.24689680911081166,0.0,,,
388,19.400000000000425,0,1.0,0.9626473211752646,0.2710414238049581,0.0,,,
388,19.400000000000425,1,1.0,-0.9626473211752646,-0.2710414238049581,0.0,,,
389,19.450000000000415,0,1.0,0.9555720362952219,0.29501669163699973,0.0,,,
389,19.450000000000415,1,1.0,-0.9555720362952219,-0.29501669163699973,0.0,,,
390,19.500000000000405,0,1.0,0.9478997088825615,0.31880763269065215,0.0,,,
390,19.500000000000405,1,1.0,-0.9478997088825615,-0.31880763269065215,0.0,,,
391,19.550000000000395,0,1.0,0.9396351320836015,0.3423993821785212,0.0,,,
391,19.550000000000395,1,1.0,-0.9396351320836015,-0.3423993821785212,0.0,,,
392,19.600000000000385,0,1.0,0.9307834690513421,0.3657771997269696,0.0,,,
392,19.600000000000385,1,1.0,-0.9307834690513421,-0.3657771997269696,0.0,,,
393,19.650000000000375,0,1.0,0.9213502497220145,0.38892647858337853,0.0,,,
393,19.650000000000375,1,1.0,-0.9213502497220145,-0.38892647858337853,0.0,,,
394,19.700000000000365,0,1.0,0.9113413673626127,0.4118327547400612,0.0,,,
394,19.700000000000365,1,1.0,-0.9113413673626127,-0.4118327547400612,0.0,,,
395,19.750000000000355,0,1.0,0.9007630748915578,0.43448171596913454,0.0,,,
395,19.750000000000355,1,1.0,-0.9007630748915578,-0.43448171596913454,0.0,,,
396,19.800000000000345,0,1.0,0.8896219809747864,0.45685921076271196,0.0,,,
396,19.800000000000345,1,1.0,-0.8896219809747864,-0.45685921076271196,0.0,,,
397,19.850000000000335,0,1.0,0.8779250458996924,0.4789512571728382,0.0,,,
397,19.850000000000335,1,1.0,-0.8779250458996924,-0.4789512571728382,0.0,,,
398,19.900000000000325,0,1.0,0.8656795772294942,0.5007440515456503,0.0,,,
398,19.900000000000325,1,1.0,-0.8656795772294942,-0.5007440515456503,0.0,,,
399,19.950000000000315,0,1.0,0.8528932252407316,0.5222239771443131,0.0,,,
399,19.950000000000315,1,1.0,-0.8528932252407316,-0.5222239771443131,0.0,,,
400,20.000000000000306,0,1.0,0.8395739781467347,0.5433776126553482,0.0,,,
400,20.000000000000306,1,1.0,-0.8395739781467347,-0.5433776126553482,0.0,,,
